relation,Global,_verb_group,_member_of_domain_region,_member_meronym,_hypernym,_has_part,_derivationally_related_form,_also_see,_instance_hypernym,_synset_domain_topic_of,_similar_to
1,0.40064308681672023,0.0,0.0,0.0007905138339920801,0.6092725819344524,0.0,0.45027932960893846,0.0,0.0,0.0,0.0
5,0.5620257234726689,0.0,0.6346153846153846,0.8577075098814229,0.7494804156674659,0.5744186046511628,0.40139664804469277,0.00357142857142856,0.14754098360655737,0.25175438596491223,0.0
7,0.5923324264160278,0.0,0.7721893491124262,0.8814229249011858,0.7665867306155076,0.6135957066189623,0.445351668815356,0.0027472527472527384,0.1191677175283732,0.3643724696356275,0.0
10,0.6186173633440515,0.0025641025641025598,0.8115384615384617,0.9031620553359684,0.73621103117506,0.6203488372093023,0.530167597765363,0.04642857142857141,0.13196721311475407,0.512280701754386,0.0
20,0.6918649517684887,0.03076923076923076,0.9076923076923078,0.9403162055335968,0.7597122302158275,0.7808139534883722,0.6314711359404096,0.2732142857142857,0.18524590163934423,0.7736842105263159,0.0
