relation,Global,_verb_group,_member_of_domain_region,_member_meronym,_hypernym,_has_part,_derivationally_related_form,_also_see,_instance_hypernym,_synset_domain_topic_of,_similar_to
1,0.33547695605573413,0.8774928774928775,0.5811965811965812,0.8058849363197189,0.06652455813127271,0.1382428940568475,0.5300020691082143,0.005952380952380944,0.49453551912568305,0.46686159844054576,0.0
5,0.6211861379063951,0.9487179487179489,0.9914529914529915,0.9376372419850679,0.39053201882938093,0.9031007751937984,0.6701841506310781,0.7341269841269841,0.9462659380692168,0.97953216374269,0.0
7,0.6725080385852089,0.8974358974358975,0.9903846153846154,0.9496047430830039,0.4752198241406874,0.8953488372093024,0.720903165735568,0.78125,0.9139344262295082,0.9868421052631579,0.0
10,0.7133038585209003,0.935897435897436,1.0,0.9614624505928853,0.4507394084732214,0.9258720930232558,0.8633612662942272,0.7946428571428572,0.8657786885245901,0.9835526315789475,0.0
