relation,Global,_verb_group,_member_of_domain_region,_member_meronym,_hypernym,_has_part,_derivationally_related_form,_also_see,_instance_hypernym,_synset_domain_topic_of,_similar_to
1,0.4634083601286173,0.0,0.0,0.0,0.33197442046362907,0.0,0.9552141527001863,0.0,0.0,0.0,0.0
5,0.622250803858521,0.0974358974358974,0.9115384615384616,0.9268774703557312,0.37817745803357317,0.7005813953488372,0.8418063314711359,0.36071428571428565,0.5377049180327869,0.7868421052631579,0.0
7,0.6153463899444608,0.37995337995337997,0.9440559440559441,0.9284944304707149,0.44248237773417626,0.7145877378435519,0.7431860504486203,0.461038961038961,0.40014903129657214,0.7910685805422646,0.0
10,0.6785484611851171,0.6227106227106226,0.9670329670329672,0.9565217391304348,0.5498458376156218,0.8181063122923588,0.7620377760042566,0.7219387755102042,0.2599531615925058,0.87468671679198,0.0
20,0.7605879650895728,0.7582417582417582,0.9780219780219781,0.9655561829474871,0.634920634920635,0.877906976744186,0.8657887736100027,0.7448979591836735,0.3430913348946136,0.9423558897243108,0.0
