relation,Global,_verb_group,_member_of_domain_region,_member_meronym,_hypernym,_has_part,_derivationally_related_form,_also_see,_instance_hypernym,_synset_domain_topic_of,_similar_to
1,0.4452572347266881,0.0,0.0,0.00296442687747035,0.2772781774580335,0.0,0.9656657355679702,0.0,0.0,0.0,0.0
5,0.5785994998213647,0.09686609686609683,0.8760683760683761,0.9257795344751867,0.3310240696331823,0.6375968992248061,0.7743637492240844,0.30753968253968256,0.6402550091074679,0.7709551656920078,0.0
7,0.5731511254019293,0.4529914529914531,0.9102564102564102,0.9268774703557313,0.3552491340261124,0.680717054263566,0.7264897579143389,0.3928571428571428,0.4344262295081967,0.7887426900584796,0.0
10,0.6360128617363345,0.619047619047619,0.9615384615384616,0.9520045172219085,0.47801758593125493,0.7882059800664452,0.7297153498270816,0.5637755102040817,0.3208430913348946,0.8771929824561403,0.0
20,0.7200964630225082,0.7435897435897436,0.9884615384615385,0.9577075098814231,0.5819344524380495,0.8598837209302325,0.815828677839851,0.7178571428571427,0.3540983606557377,0.9377192982456141,0.03333333333333333
