relation,Global,_verb_group,_member_of_domain_region,_member_meronym,_hypernym,_has_part,_derivationally_related_form,_also_see,_instance_hypernym,_synset_domain_topic_of,_similar_to
1,0.434887459807074,0.0,0.0,0.0,0.6568345323741006,0.0,0.49422718808193666,0.0,0.0,0.0,0.0
5,0.5766559485530547,0.0,0.35769230769230764,0.8395256916996047,0.4643485211830535,0.2959302325581395,0.8527001862197394,0.0,0.10901639344262293,0.09473684210526312,0.0
7,0.6286816720257234,0.0,0.9153846153846155,0.9375494071146244,0.5744204636290967,0.6598837209302325,0.6881750465549348,0.044642857142857116,0.3204918032786885,0.7140350877192982,0.0
10,0.6283601286173635,0.0,0.9615384615384615,0.9466403162055336,0.5986410871302956,0.7412790697674418,0.6258845437616387,0.24999999999999994,0.3204918032786885,0.7719298245614035,0.0
20,0.6863022508038583,0.1384615384615384,0.976923076923077,0.9553359683794469,0.628537170263789,0.8093023255813954,0.7324953445065178,0.47321428571428575,0.20573770491803273,0.8605263157894736,0.0
