relation,Global,_verb_group,_member_of_domain_region,_member_meronym,_hypernym,_has_part,_derivationally_related_form,_also_see,_instance_hypernym,_synset_domain_topic_of,_similar_to
1,0.4132904608788853,0.0,0.0,0.0048309178743960665,0.7629451993960387,0.005813953488372044,0.3060211049037864,0.0,0.0,0.0,0.0
5,0.6399071096820294,0.0028490028490028444,0.8247863247863249,0.9090909090909091,0.7562838617994494,0.7642118863049094,0.4810676598386095,0.01984126984126982,0.5209471766848817,0.6988304093567251,0.0
7,0.6694855305466236,0.010256410256410239,0.9,0.9288537549407115,0.7220623501199042,0.8331395348837211,0.5628491620111732,0.2196428571428571,0.5188524590163934,0.8473684210526317,0.0
10,0.6869239013933547,0.11965811965811962,0.9188034188034189,0.9371980676328503,0.8030020428101962,0.8649870801033592,0.4927581212497414,0.4444444444444444,0.48816029143897993,0.9093567251461988,0.0
20,0.8016613076098605,0.46581196581196577,0.9487179487179488,0.9552042160737811,0.7909672262190247,0.9312015503875969,0.8047796399751707,0.6398809523809524,0.40983606557377045,0.9546783625730995,0.0
